{"is_source_file": false, "format": "", "description": "", "external_files": [], "external_methods": [], "published": [], "classes": [], "methods": [], "calls": [], "search-terms": [], "state": 2, "file_id": 5, "knowledge_revision": 15, "git_revision": "1fa1a68cf36d4c3801e89170644829333ebc5007", "hash": "6c2104b8d219ed99234ae2d6329f4357", "format-version": 4, "code-base-name": "todo_frontend", "filename": "todo_frontend/src/index.css", "revision_history": [{"15": "1fa1a68cf36d4c3801e89170644829333ebc5007"}]}