{"is_source_file": true, "file_id": 14, "git_revision": "", "state": 1, "description": "", "external_files": [], "external_methods": [], "published": [], "classes": [], "methods": [], "calls": [], "search-terms": [], "ctags": [{"_type": "tag", "name": "addTask", "path": "/home/kavia/workspace/code-generation/simple-todo-application-210278-210295/todo_frontend/src/hooks/useTasks.js", "pattern": "/^  const addTask = async (title) => {$/", "language": "JavaScript", "kind": "constant"}, {"_type": "tag", "name": "editTask", "path": "/home/kavia/workspace/code-generation/simple-todo-application-210278-210295/todo_frontend/src/hooks/useTasks.js", "pattern": "/^  const editTask = async (id, title) => {$/", "language": "JavaScript", "kind": "constant"}, {"_type": "tag", "name": "loadTasks", "path": "/home/kavia/workspace/code-generation/simple-todo-application-210278-210295/todo_frontend/src/hooks/useTasks.js", "pattern": "/^  const loadTasks = useCallback(async () => {$/", "language": "JavaScript", "kind": "constant"}, {"_type": "tag", "name": "newTask", "path": "/home/kavia/workspace/code-generation/simple-todo-application-210278-210295/todo_frontend/src/hooks/useTasks.js", "pattern": "/^      const newTask = await createTask(title);$/", "language": "JavaScript", "kind": "constant"}, {"_type": "tag", "name": "setError", "path": "/home/kavia/workspace/code-generation/simple-todo-application-210278-210295/todo_frontend/src/hooks/useTasks.js", "pattern": "/^  const [error, setError] = useState(null);$/", "language": "JavaScript", "kind": "constant"}, {"_type": "tag", "name": "setLoading", "path": "/home/kavia/workspace/code-generation/simple-todo-application-210278-210295/todo_frontend/src/hooks/useTasks.js", "pattern": "/^  const [loading, setLoading] = useState(false);$/", "language": "JavaScript", "kind": "constant"}, {"_type": "tag", "name": "setTasks", "path": "/home/kavia/workspace/code-generation/simple-todo-application-210278-210295/todo_frontend/src/hooks/useTasks.js", "pattern": "/^  const [tasks, setTasks] = useState([]);$/", "language": "JavaScript", "kind": "constant"}, {"_type": "tag", "name": "toggleTask", "path": "/home/kavia/workspace/code-generation/simple-todo-application-210278-210295/todo_frontend/src/hooks/useTasks.js", "pattern": "/^  const toggleTask = async (id) => {$/", "language": "JavaScript", "kind": "constant"}, {"_type": "tag", "name": "updatedTask", "path": "/home/kavia/workspace/code-generation/simple-todo-application-210278-210295/todo_frontend/src/hooks/useTasks.js", "pattern": "/^      const updatedTask = await toggleTaskComplete(id);$/", "language": "JavaScript", "kind": "constant"}, {"_type": "tag", "name": "updatedTask", "path": "/home/kavia/workspace/code-generation/simple-todo-application-210278-210295/todo_frontend/src/hooks/useTasks.js", "pattern": "/^      const updatedTask = await updateTask(id, title);$/", "language": "JavaScript", "kind": "constant"}, {"_type": "tag", "name": "useTasks", "path": "/home/kavia/workspace/code-generation/simple-todo-application-210278-210295/todo_frontend/src/hooks/useTasks.js", "pattern": "/^export const useTasks = () => {$/", "language": "JavaScript", "kind": "constant"}], "format": "JavaScript", "hash": "601a400fb1bdac61ada6f0cf53760f8f", "format-version": 4, "code-base-name": "todo_frontend", "filename": "todo_frontend/src/hooks/useTasks.js", "knowledge_revision": 27}