{"is_source_file": false, "format": "", "description": "", "external_files": [], "external_methods": [], "published": [], "classes": [], "methods": [], "calls": [], "search-terms": ["TaskInput", "CSS styling", "task-input", "add-button", "responsive layout"], "state": 2, "file_id": 16, "knowledge_revision": 40, "git_revision": "5a3166b437daec47aa49528993172dd981f996b4", "hash": "2ae6c2f1061090b10318a50905c9a405", "format-version": 4, "code-base-name": "todo_frontend", "filename": "todo_frontend/src/components/TaskInput.css", "revision_history": [{"40": "5a3166b437daec47aa49528993172dd981f996b4"}]}