{"is_source_file": false, "format": "", "description": "", "external_files": [], "external_methods": [], "published": [], "classes": [], "methods": [], "calls": [], "search-terms": ["CSS Variables", "Theme Management", "light theme colors", "dark theme colors", ".App", ".App-header", ".theme-toggle", "@media"], "state": 2, "file_id": 7, "knowledge_revision": 19, "git_revision": "1fa1a68cf36d4c3801e89170644829333ebc5007", "hash": "22f9e17cc1848b56dbb244518ac2707e", "format-version": 4, "code-base-name": "todo_frontend", "filename": "todo_frontend/src/App.css", "revision_history": [{"19": "1fa1a68cf36d4c3801e89170644829333ebc5007"}]}