{"is_source_file": false, "format": "", "description": "", "external_files": [], "external_methods": [], "published": [], "classes": [], "methods": [], "calls": [], "search-terms": ["TaskItem", "CSS styling", "TaskItem component styles"], "state": 2, "file_id": 18, "knowledge_revision": 42, "git_revision": "5a3166b437daec47aa49528993172dd981f996b4", "hash": "9d3a8dbdc24c882700e46c2c5cd4fde3", "format-version": 4, "code-base-name": "todo_frontend", "filename": "todo_frontend/src/components/TaskItem.css", "revision_history": [{"42": "5a3166b437daec47aa49528993172dd981f996b4"}]}