{"is_source_file": true, "format": "JavaScript (React)", "description": "This file is the entry point for the React application, responsible for rendering the main App component into the DOM.", "external_files": ["react", "react-dom/client", "./index.css", "./App"], "external_methods": ["ReactDOM.createRoot", "root.render"], "published": ["React", "ReactDOM", "App"], "classes": [], "methods": [{"name": "ReactDOM.createRoot", "description": "Creates a root to render React elements into a DOM node."}, {"name": "root.render", "description": "Renders React elements into the root container."}], "calls": ["ReactDOM.createRoot", "root.render"], "search-terms": ["index.js", "ReactDOM.render", "React entry point", "main React component"], "state": 2, "file_id": 10, "knowledge_revision": 23, "git_revision": "1fa1a68cf36d4c3801e89170644829333ebc5007", "ctags": [{"_type": "tag", "name": "root", "path": "/home/kavia/workspace/code-generation/simple-todo-application-210278-210295/todo_frontend/src/index.js", "pattern": "/^const root = ReactDOM.createRoot(document.getElementById('root'));$/", "language": "JavaScript", "kind": "constant"}], "hash": "9fc5841375336fc175b49f8767a11383", "format-version": 4, "code-base-name": "todo_frontend", "filename": "todo_frontend/src/index.js", "revision_history": [{"23": "1fa1a68cf36d4c3801e89170644829333ebc5007"}]}