{"is_source_file": true, "file_id": 15, "git_revision": "", "state": 1, "description": "", "external_files": [], "external_methods": [], "published": [], "classes": [], "methods": [], "calls": [], "search-terms": [], "ctags": [{"_type": "tag", "name": "TaskInput", "path": "/home/kavia/workspace/code-generation/simple-todo-application-210278-210295/todo_frontend/src/components/TaskInput.js", "pattern": "/^const TaskInput = ({ onAdd }) => {$/", "language": "JavaScript", "kind": "constant"}, {"_type": "tag", "name": "handleSubmit", "path": "/home/kavia/workspace/code-generation/simple-todo-application-210278-210295/todo_frontend/src/components/TaskInput.js", "pattern": "/^  const handleSubmit = (e) => {$/", "language": "JavaScript", "kind": "constant"}, {"_type": "tag", "name": "onAdd", "path": "/home/kavia/workspace/code-generation/simple-todo-application-210278-210295/todo_frontend/src/components/TaskInput.js", "pattern": "/^const TaskInput = ({ onAdd }) => {$/", "language": "JavaScript", "kind": "field", "scope": "TaskInput", "scopeKind": "class"}, {"_type": "tag", "name": "setValue", "path": "/home/kavia/workspace/code-generation/simple-todo-application-210278-210295/todo_frontend/src/components/TaskInput.js", "pattern": "/^  const [value, setValue] = useState('');$/", "language": "JavaScript", "kind": "constant"}, {"_type": "tag", "name": "value", "path": "/home/kavia/workspace/code-generation/simple-todo-application-210278-210295/todo_frontend/src/components/TaskInput.js", "pattern": "/^        value={value}$/", "language": "JavaScript", "kind": "field", "scope": "value", "scopeKind": "class"}], "format": "JavaScript", "hash": "da11d01480487ca041e8bbf1bbbf7cf4", "format-version": 4, "code-base-name": "todo_frontend", "filename": "todo_frontend/src/components/TaskInput.js", "knowledge_revision": 28}