{"is_source_file": true, "format": "JavaScript (React JSX)", "description": "React component 'TaskList' that renders a list of task items, handling loading and empty states, and accepting callbacks for toggling and editing tasks.", "external_files": ["./TaskItem", "./TaskList.css"], "external_methods": [], "published": ["TaskList"], "classes": [], "methods": [{"name": "TaskList", "description": "Functional React component that displays tasks, shows loading spinner or empty message as appropriate, and renders TaskItem components for each task."}], "calls": ["React", "TaskItem", "Array.prototype.map"], "search-terms": ["TaskList", "React component", "task rendering", "loading state", "empty state", "task list", "task item", "props", "JSX"], "state": 2, "file_id": 19, "knowledge_revision": 43, "git_revision": "5a3166b437daec47aa49528993172dd981f996b4", "ctags": [{"_type": "tag", "name": "TaskList", "path": "/home/kavia/workspace/code-generation/simple-todo-application-210278-210295/todo_frontend/src/components/TaskList.js", "pattern": "/^const TaskList = ({ tasks, onToggle, onEdit, loading }) => {$/", "language": "JavaScript", "kind": "constant"}, {"_type": "tag", "name": "tasks", "path": "/home/kavia/workspace/code-generation/simple-todo-application-210278-210295/todo_frontend/src/components/TaskList.js", "pattern": "/^const TaskList = ({ tasks, onToggle, onEdit, loading }) => {$/", "language": "JavaScript", "kind": "field", "scope": "TaskList", "scopeKind": "class"}], "hash": "8b0a2ed829884f1f228fab1530e1216f", "format-version": 4, "code-base-name": "todo_frontend", "filename": "todo_frontend/src/components/TaskList.js", "fields": [{"name": "const TaskList = ({ tasks, onToggle, onEdit, loading }) => {", "scope": "TaskList", "scopeKind": "class", "description": "unavailable"}], "revision_history": [{"43": "5a3166b437daec47aa49528993172dd981f996b4"}]}