{"is_source_file": false, "format": "", "description": "", "external_files": [], "external_methods": [], "published": [], "classes": [], "methods": [], "calls": [], "search-terms": [], "state": 2, "file_id": 11, "knowledge_revision": 22, "git_revision": "1fa1a68cf36d4c3801e89170644829333ebc5007", "hash": "ebece526bc2eadd78ddd787a76c56607", "format-version": 4, "code-base-name": "todo_frontend", "filename": "todo_frontend/README.md", "revision_history": [{"22": "1fa1a68cf36d4c3801e89170644829333ebc5007"}]}