{"is_source_file": true, "format": "JavaScript (React component)", "description": "This file defines a React functional component named 'TaskItem' that displays a single task item with functionality for toggling completion, editing the task title inline, and managing editing state. It includes UI elements like buttons and input fields, and handles user interactions such as clicking, key presses, and focus events.", "external_files": ["./TaskItem.css"], "external_methods": ["onToggle", "onEdit"], "published": ["TaskItem"], "classes": [], "methods": [{"name": "TaskItem", "description": "React functional component for displaying and editing a task item."}], "calls": ["useState", "setIsEditing", "setEditValue", "onEdit", "onToggle"], "search-terms": ["TaskItem React component", "task editing inline", "toggle task completion", "React useState hook", "task list item", "editable task entry", "task component with toggle and edit"], "state": 2, "file_id": 17, "knowledge_revision": 41, "git_revision": "5a3166b437daec47aa49528993172dd981f996b4", "ctags": [{"_type": "tag", "name": "TaskItem", "path": "/home/kavia/workspace/code-generation/simple-todo-application-210278-210295/todo_frontend/src/components/TaskItem.js", "pattern": "/^const TaskItem = ({ task, onToggle, onEdit }) => {$/", "language": "JavaScript", "kind": "constant"}, {"_type": "tag", "name": "completed ? 'completed' : ''}", "path": "/home/kavia/workspace/code-generation/simple-todo-application-210278-210295/todo_frontend/src/components/TaskItem.js", "pattern": "/^    <div className={`task-item ${task.completed ? 'completed' : ''}`}>$/", "language": "JavaScript", "kind": "field", "scope": "AnonymousClass8ddcf5c30101.task-item ${task", "scopeKind": "class"}, {"_type": "tag", "name": "handleCancel", "path": "/home/kavia/workspace/code-generation/simple-todo-application-210278-210295/todo_frontend/src/components/TaskItem.js", "pattern": "/^  const handleCancel = () => {$/", "language": "JavaScript", "kind": "constant"}, {"_type": "tag", "name": "handleEdit", "path": "/home/kavia/workspace/code-generation/simple-todo-application-210278-210295/todo_frontend/src/components/TaskItem.js", "pattern": "/^  const handleEdit = () => {$/", "language": "JavaScript", "kind": "constant"}, {"_type": "tag", "name": "handleKeyDown", "path": "/home/kavia/workspace/code-generation/simple-todo-application-210278-210295/todo_frontend/src/components/TaskItem.js", "pattern": "/^  const handleKeyDown = (e) => {$/", "language": "JavaScript", "kind": "constant"}, {"_type": "tag", "name": "handleSave", "path": "/home/kavia/workspace/code-generation/simple-todo-application-210278-210295/todo_frontend/src/components/TaskItem.js", "pattern": "/^  const handleSave = () => {$/", "language": "JavaScript", "kind": "constant"}, {"_type": "tag", "name": "setEditValue", "path": "/home/kavia/workspace/code-generation/simple-todo-application-210278-210295/todo_frontend/src/components/TaskItem.js", "pattern": "/^  const [editValue, setEditValue] = useState(task.title);$/", "language": "JavaScript", "kind": "constant"}, {"_type": "tag", "name": "setIsEditing", "path": "/home/kavia/workspace/code-generation/simple-todo-application-210278-210295/todo_frontend/src/components/TaskItem.js", "pattern": "/^  const [isEditing, setIsEditing] = useState(false);$/", "language": "JavaScript", "kind": "constant"}, {"_type": "tag", "name": "task", "path": "/home/kavia/workspace/code-generation/simple-todo-application-210278-210295/todo_frontend/src/components/TaskItem.js", "pattern": "/^        aria-label={task.completed ? 'Mark as incomplete' : 'Mark as complete'}$/", "language": "JavaScript", "kind": "field", "scope": "aria", "scopeKind": "class"}, {"_type": "tag", "name": "task", "path": "/home/kavia/workspace/code-generation/simple-todo-application-210278-210295/todo_frontend/src/components/TaskItem.js", "pattern": "/^const TaskItem = ({ task, onToggle, onEdit }) => {$/", "language": "JavaScript", "kind": "field", "scope": "TaskItem", "scopeKind": "class"}], "hash": "5573714970e3f67e41fd4af22f01824b", "format-version": 4, "code-base-name": "todo_frontend", "filename": "todo_frontend/src/components/TaskItem.js", "fields": [{"name": "<div className={`task-item ${task.completed ? 'completed' : ''}`}>", "scope": "AnonymousClass8ddcf5c30101.task-item ${task", "scopeKind": "class", "description": "unavailable"}, {"name": "aria-label={task.completed ? 'Mark as incomplete' : 'Mark as complete'}", "scope": "aria", "scopeKind": "class", "description": "unavailable"}, {"name": "const TaskItem = ({ task, onToggle, onEdit }) => {", "scope": "TaskItem", "scopeKind": "class", "description": "unavailable"}], "revision_history": [{"41": "5a3166b437daec47aa49528993172dd981f996b4"}]}