{"is_source_file": true, "format": "JavaScript", "description": "This file defines an API client module for the Todo backend, providing functions to fetch, create, update, and toggle tasks via HTTP requests.", "external_files": ["react-scripts for environment variables", "fetch API (browser environment)"], "external_methods": ["fetch"], "published": ["fetchTasks", "createTask", "updateTask", "toggleTaskComplete"], "classes": [], "methods": [{"name": "fetchTasks", "description": "Fetches all tasks from the backend API."}, {"name": "createTask", "description": "Creates a new task with the given title."}, {"name": "updateTask", "description": "Updates the title of a task identified by its ID."}, {"name": "toggleTaskComplete", "description": "Toggles the completion status of a task by its ID."}], "calls": ["fetch", "fetch", "fetch", "fetch"], "search-terms": ["todoApi", "API Client", "task", "fetchTasks", "createTask", "updateTask", "toggleTaskComplete", "tasks"], "state": 2, "file_id": 13, "knowledge_revision": 30, "git_revision": "", "ctags": [{"_type": "tag", "name": "API_BASE_URL", "path": "/home/kavia/workspace/code-generation/simple-todo-application-210278-210295/todo_frontend/src/api/todoApi.js", "pattern": "/^const API_BASE_URL = process.env.REACT_APP_API_URL || 'http:\\/\\/localhost:3001';$/", "language": "JavaScript", "kind": "constant"}, {"_type": "tag", "name": "createTask", "path": "/home/kavia/workspace/code-generation/simple-todo-application-210278-210295/todo_frontend/src/api/todoApi.js", "pattern": "/^export const createTask = async (title) => {$/", "language": "JavaScript", "kind": "constant"}, {"_type": "tag", "name": "fetchTasks", "path": "/home/kavia/workspace/code-generation/simple-todo-application-210278-210295/todo_frontend/src/api/todoApi.js", "pattern": "/^export const fetchTasks = async () => {$/", "language": "JavaScript", "kind": "constant"}, {"_type": "tag", "name": "response", "path": "/home/kavia/workspace/code-generation/simple-todo-application-210278-210295/todo_frontend/src/api/todoApi.js", "pattern": "/^  const response = await fetch(`${API_BASE_URL}\\/tasks\\/${id}\\/toggle`, {$/", "language": "JavaScript", "kind": "constant"}, {"_type": "tag", "name": "response", "path": "/home/kavia/workspace/code-generation/simple-todo-application-210278-210295/todo_frontend/src/api/todoApi.js", "pattern": "/^  const response = await fetch(`${API_BASE_URL}\\/tasks\\/${id}`, {$/", "language": "JavaScript", "kind": "constant"}, {"_type": "tag", "name": "response", "path": "/home/kavia/workspace/code-generation/simple-todo-application-210278-210295/todo_frontend/src/api/todoApi.js", "pattern": "/^  const response = await fetch(`${API_BASE_URL}\\/tasks`, {$/", "language": "JavaScript", "kind": "constant"}, {"_type": "tag", "name": "toggleTaskComplete", "path": "/home/kavia/workspace/code-generation/simple-todo-application-210278-210295/todo_frontend/src/api/todoApi.js", "pattern": "/^export const toggleTaskComplete = async (id) => {$/", "language": "JavaScript", "kind": "constant"}, {"_type": "tag", "name": "updateTask", "path": "/home/kavia/workspace/code-generation/simple-todo-application-210278-210295/todo_frontend/src/api/todoApi.js", "pattern": "/^export const updateTask = async (id, title) => {$/", "language": "JavaScript", "kind": "constant"}], "hash": "0139158eefaa5c428bb2566a79556846", "format-version": 4, "code-base-name": "todo_frontend", "filename": "todo_frontend/src/api/todoApi.js", "revision_history": [{"30": ""}]}