{"is_source_file": true, "file_id": 17, "git_revision": "", "state": 1, "description": "", "external_files": [], "external_methods": [], "published": [], "classes": [], "methods": [], "calls": [], "search-terms": [], "ctags": [{"_type": "tag", "name": "TaskItem", "path": "/home/kavia/workspace/code-generation/simple-todo-application-210278-210295/todo_frontend/src/components/TaskItem.js", "pattern": "/^const TaskItem = ({ task, onToggle, onEdit }) => {$/", "language": "JavaScript", "kind": "constant"}, {"_type": "tag", "name": "completed ? 'completed' : ''}", "path": "/home/kavia/workspace/code-generation/simple-todo-application-210278-210295/todo_frontend/src/components/TaskItem.js", "pattern": "/^    <div className={`task-item ${task.completed ? 'completed' : ''}`}>$/", "language": "JavaScript", "kind": "field", "scope": "AnonymousClass8ddcf5c30101.task-item ${task", "scopeKind": "class"}, {"_type": "tag", "name": "handleCancel", "path": "/home/kavia/workspace/code-generation/simple-todo-application-210278-210295/todo_frontend/src/components/TaskItem.js", "pattern": "/^  const handleCancel = () => {$/", "language": "JavaScript", "kind": "constant"}, {"_type": "tag", "name": "handleEdit", "path": "/home/kavia/workspace/code-generation/simple-todo-application-210278-210295/todo_frontend/src/components/TaskItem.js", "pattern": "/^  const handleEdit = () => {$/", "language": "JavaScript", "kind": "constant"}, {"_type": "tag", "name": "handleKeyDown", "path": "/home/kavia/workspace/code-generation/simple-todo-application-210278-210295/todo_frontend/src/components/TaskItem.js", "pattern": "/^  const handleKeyDown = (e) => {$/", "language": "JavaScript", "kind": "constant"}, {"_type": "tag", "name": "handleSave", "path": "/home/kavia/workspace/code-generation/simple-todo-application-210278-210295/todo_frontend/src/components/TaskItem.js", "pattern": "/^  const handleSave = () => {$/", "language": "JavaScript", "kind": "constant"}, {"_type": "tag", "name": "setEditValue", "path": "/home/kavia/workspace/code-generation/simple-todo-application-210278-210295/todo_frontend/src/components/TaskItem.js", "pattern": "/^  const [editValue, setEditValue] = useState(task.title);$/", "language": "JavaScript", "kind": "constant"}, {"_type": "tag", "name": "setIsEditing", "path": "/home/kavia/workspace/code-generation/simple-todo-application-210278-210295/todo_frontend/src/components/TaskItem.js", "pattern": "/^  const [isEditing, setIsEditing] = useState(false);$/", "language": "JavaScript", "kind": "constant"}, {"_type": "tag", "name": "task", "path": "/home/kavia/workspace/code-generation/simple-todo-application-210278-210295/todo_frontend/src/components/TaskItem.js", "pattern": "/^        aria-label={task.completed ? 'Mark as incomplete' : 'Mark as complete'}$/", "language": "JavaScript", "kind": "field", "scope": "aria", "scopeKind": "class"}, {"_type": "tag", "name": "task", "path": "/home/kavia/workspace/code-generation/simple-todo-application-210278-210295/todo_frontend/src/components/TaskItem.js", "pattern": "/^const TaskItem = ({ task, onToggle, onEdit }) => {$/", "language": "JavaScript", "kind": "field", "scope": "TaskItem", "scopeKind": "class"}], "format": "JavaScript", "hash": "5573714970e3f67e41fd4af22f01824b", "format-version": 4, "code-base-name": "todo_frontend", "filename": "todo_frontend/src/components/TaskItem.js", "knowledge_revision": 31}