{"is_source_file": false, "format": "", "description": "", "external_files": [], "external_methods": [], "published": [], "classes": [], "methods": [], "calls": [], "search-terms": [], "state": 2, "file_id": 5, "knowledge_revision": 38, "git_revision": "5a3166b437daec47aa49528993172dd981f996b4", "hash": "7d12960b0520fe1a53c61427029c77af", "format-version": 4, "code-base-name": "todo_frontend", "filename": "todo_frontend/src/index.css", "revision_history": [{"38": "5a3166b437daec47aa49528993172dd981f996b4"}]}