{"is_source_file": false, "format": "CSS", "description": "CSS stylesheet defining styles for TaskList component, including layout, message styling, spinner animation, and responsive design.", "external_files": [], "external_methods": [], "published": [], "classes": [], "methods": [], "calls": [], "search-terms": ["TaskList", "spinner", "message", "CSS styling"], "state": 2, "file_id": 20, "knowledge_revision": 44, "git_revision": "5a3166b437daec47aa49528993172dd981f996b4", "hash": "d4c0d818c3243974ce434d3b2b2fd515", "format-version": 4, "code-base-name": "todo_frontend", "filename": "todo_frontend/src/components/TaskList.css", "revision_history": [{"44": "5a3166b437daec47aa49528993172dd981f996b4"}]}