{"is_source_file": true, "format": "JavaScript", "description": "Main React component (App.js) for a retro-themed todo application. Handles rendering task input, task list, error banner, and footer with completion status. Uses external custom hook useTasks and components TaskInput and TaskList.", "external_files": ["./hooks/useTasks", "./components/TaskInput", "./components/TaskList", "./App.css"], "external_methods": ["useTasks()"], "published": ["App"], "classes": [], "methods": [{"name": "App()", "description": "React functional component serving as the main app for the todo list.", "scope": "", "scopeKind": ""}], "calls": ["useTasks()", "addTask", "editTask", "toggleTask", "reload"], "search-terms": ["React", "useTasks", "TaskInput", "TaskList", "App.css", "todo", "task creation", "task editing", "toggle completion", "error handling", "main component"], "state": 2, "file_id": 9, "knowledge_revision": 36, "git_revision": "5a3166b437daec47aa49528993172dd981f996b4", "revision_history": [{"24": "1fa1a68cf36d4c3801e89170644829333ebc5007"}, {"36": "5a3166b437daec47aa49528993172dd981f996b4"}], "ctags": [{"_type": "tag", "name": "App", "path": "/home/kavia/workspace/code-generation/simple-todo-application-210278-210295/todo_frontend/src/App.js", "pattern": "/^function App() {$/", "language": "JavaScript", "kind": "function", "signature": "()"}, {"_type": "tag", "name": "editTask", "path": "/home/kavia/workspace/code-generation/simple-todo-application-210278-210295/todo_frontend/src/App.js", "pattern": "/^            onEdit={editTask}$/", "language": "JavaScript", "kind": "field", "scope": "App.onEdit", "scopeKind": "class"}, {"_type": "tag", "name": "loading", "path": "/home/kavia/workspace/code-generation/simple-todo-application-210278-210295/todo_frontend/src/App.js", "pattern": "/^            loading={loading}$/", "language": "JavaScript", "kind": "field", "scope": "App.loading", "scopeKind": "class"}, {"_type": "tag", "name": "tasks", "path": "/home/kavia/workspace/code-generation/simple-todo-application-210278-210295/todo_frontend/src/App.js", "pattern": "/^            tasks={tasks}$/", "language": "JavaScript", "kind": "field", "scope": "App.tasks", "scopeKind": "class"}, {"_type": "tag", "name": "toggleTask", "path": "/home/kavia/workspace/code-generation/simple-todo-application-210278-210295/todo_frontend/src/App.js", "pattern": "/^            onToggle={toggleTask}$/", "language": "JavaScript", "kind": "field", "scope": "App.onToggle", "scopeKind": "class"}], "hash": "1b5381a2e4360b65ca6b4c31f8a29782", "format-version": 4, "code-base-name": "todo_frontend", "filename": "todo_frontend/src/App.js", "fields": [{"name": "onEdit={editTask}", "scope": "App.onEdit", "scopeKind": "class", "description": "unavailable"}, {"name": "loading={loading}", "scope": "App.loading", "scopeKind": "class", "description": "unavailable"}, {"name": "tasks={tasks}", "scope": "App.tasks", "scopeKind": "class", "description": "unavailable"}, {"name": "onToggle={toggleTask}", "scope": "App.onToggle", "scopeKind": "class", "description": "unavailable"}]}