{"is_source_file": true, "format": "JavaScript", "description": "This is a React custom hook (useTasks.js) that manages task state, including loading, adding, updating, and toggling tasks by interacting with external API functions.", "external_files": ["../api/todoApi"], "external_methods": ["fetchTasks", "createTask", "updateTask", "toggleTaskComplete"], "published": ["useTasks"], "classes": [], "methods": [{"name": "useTasks", "description": "Custom React hook for task state management, providing functionality to load, add, update, and toggle tasks."}, {"name": "loadTasks", "description": "Internal method to asynchronously fetch tasks from external API and update state."}, {"name": "addTask", "description": "Function to add a new task by calling external API and updating local state."}, {"name": "editTask", "description": "Function to update an existing task by calling external API and updating local state."}, {"name": "toggleTask", "description": "Function to toggle task completion status via external API and update local state."}], "calls": ["fetchTasks()", "createTask(title)", "updateTask(id, title)", "toggleTaskComplete(id)"], "search-terms": ["useTasks", "custom hook", "task management", "React useState", "React useEffect", "React useCallback", "todoApi"], "state": 2, "file_id": 14, "knowledge_revision": 35, "git_revision": "5a3166b437daec47aa49528993172dd981f996b4", "ctags": [{"_type": "tag", "name": "addTask", "path": "/home/kavia/workspace/code-generation/simple-todo-application-210278-210295/todo_frontend/src/hooks/useTasks.js", "pattern": "/^  const addTask = async (title) => {$/", "language": "JavaScript", "kind": "constant"}, {"_type": "tag", "name": "editTask", "path": "/home/kavia/workspace/code-generation/simple-todo-application-210278-210295/todo_frontend/src/hooks/useTasks.js", "pattern": "/^  const editTask = async (id, title) => {$/", "language": "JavaScript", "kind": "constant"}, {"_type": "tag", "name": "loadTasks", "path": "/home/kavia/workspace/code-generation/simple-todo-application-210278-210295/todo_frontend/src/hooks/useTasks.js", "pattern": "/^  const loadTasks = useCallback(async () => {$/", "language": "JavaScript", "kind": "constant"}, {"_type": "tag", "name": "newTask", "path": "/home/kavia/workspace/code-generation/simple-todo-application-210278-210295/todo_frontend/src/hooks/useTasks.js", "pattern": "/^      const newTask = await createTask(title);$/", "language": "JavaScript", "kind": "constant"}, {"_type": "tag", "name": "setError", "path": "/home/kavia/workspace/code-generation/simple-todo-application-210278-210295/todo_frontend/src/hooks/useTasks.js", "pattern": "/^  const [error, setError] = useState(null);$/", "language": "JavaScript", "kind": "constant"}, {"_type": "tag", "name": "setLoading", "path": "/home/kavia/workspace/code-generation/simple-todo-application-210278-210295/todo_frontend/src/hooks/useTasks.js", "pattern": "/^  const [loading, setLoading] = useState(false);$/", "language": "JavaScript", "kind": "constant"}, {"_type": "tag", "name": "setTasks", "path": "/home/kavia/workspace/code-generation/simple-todo-application-210278-210295/todo_frontend/src/hooks/useTasks.js", "pattern": "/^  const [tasks, setTasks] = useState([]);$/", "language": "JavaScript", "kind": "constant"}, {"_type": "tag", "name": "toggleTask", "path": "/home/kavia/workspace/code-generation/simple-todo-application-210278-210295/todo_frontend/src/hooks/useTasks.js", "pattern": "/^  const toggleTask = async (id) => {$/", "language": "JavaScript", "kind": "constant"}, {"_type": "tag", "name": "updatedTask", "path": "/home/kavia/workspace/code-generation/simple-todo-application-210278-210295/todo_frontend/src/hooks/useTasks.js", "pattern": "/^      const updatedTask = await toggleTaskComplete(id);$/", "language": "JavaScript", "kind": "constant"}, {"_type": "tag", "name": "updatedTask", "path": "/home/kavia/workspace/code-generation/simple-todo-application-210278-210295/todo_frontend/src/hooks/useTasks.js", "pattern": "/^      const updatedTask = await updateTask(id, title);$/", "language": "JavaScript", "kind": "constant"}, {"_type": "tag", "name": "useTasks", "path": "/home/kavia/workspace/code-generation/simple-todo-application-210278-210295/todo_frontend/src/hooks/useTasks.js", "pattern": "/^export const useTasks = () => {$/", "language": "JavaScript", "kind": "constant"}], "hash": "601a400fb1bdac61ada6f0cf53760f8f", "format-version": 4, "code-base-name": "todo_frontend", "filename": "todo_frontend/src/hooks/useTasks.js", "revision_history": [{"35": "5a3166b437daec47aa49528993172dd981f996b4"}]}