{"is_source_file": false, "format": "", "description": "", "external_files": [], "external_methods": [], "published": [], "classes": [], "methods": [], "calls": [], "search-terms": [], "state": 2, "file_id": 7, "knowledge_revision": 37, "git_revision": "5a3166b437daec47aa49528993172dd981f996b4", "hash": "9f35dec7a34ac6a3ab33bdeeb72ebf1a", "format-version": 4, "code-base-name": "todo_frontend", "filename": "todo_frontend/src/App.css", "revision_history": [{"37": "5a3166b437daec47aa49528993172dd981f996b4"}]}