{"is_source_file": true, "format": "JavaScript (React component)", "description": "React component for task input in a to-do application, providing an input field and button to add new tasks.", "external_files": ["./TaskInput.css"], "external_methods": [], "published": ["TaskInput"], "classes": [], "methods": [{"name": "TaskInput", "description": "React functional component providing an input form to add new todo tasks, managing local input state, and invoking onAdd callback on submission."}, {"name": "handleSubmit", "description": "Handles form submission, prevents default behavior, calls the onAdd callback with the current input value, and resets the input field."}], "calls": ["onAdd(value)"], "search-terms": ["TaskInput", "React", "useState", "todo", "input component"], "state": 2, "file_id": 15, "knowledge_revision": 39, "git_revision": "5a3166b437daec47aa49528993172dd981f996b4", "ctags": [{"_type": "tag", "name": "TaskInput", "path": "/home/kavia/workspace/code-generation/simple-todo-application-210278-210295/todo_frontend/src/components/TaskInput.js", "pattern": "/^const TaskInput = ({ onAdd }) => {$/", "language": "JavaScript", "kind": "constant"}, {"_type": "tag", "name": "handleSubmit", "path": "/home/kavia/workspace/code-generation/simple-todo-application-210278-210295/todo_frontend/src/components/TaskInput.js", "pattern": "/^  const handleSubmit = (e) => {$/", "language": "JavaScript", "kind": "constant"}, {"_type": "tag", "name": "onAdd", "path": "/home/kavia/workspace/code-generation/simple-todo-application-210278-210295/todo_frontend/src/components/TaskInput.js", "pattern": "/^const TaskInput = ({ onAdd }) => {$/", "language": "JavaScript", "kind": "field", "scope": "TaskInput", "scopeKind": "class"}, {"_type": "tag", "name": "setValue", "path": "/home/kavia/workspace/code-generation/simple-todo-application-210278-210295/todo_frontend/src/components/TaskInput.js", "pattern": "/^  const [value, setValue] = useState('');$/", "language": "JavaScript", "kind": "constant"}, {"_type": "tag", "name": "value", "path": "/home/kavia/workspace/code-generation/simple-todo-application-210278-210295/todo_frontend/src/components/TaskInput.js", "pattern": "/^        value={value}$/", "language": "JavaScript", "kind": "field", "scope": "value", "scopeKind": "class"}], "hash": "da11d01480487ca041e8bbf1bbbf7cf4", "format-version": 4, "code-base-name": "todo_frontend", "filename": "todo_frontend/src/components/TaskInput.js", "fields": [{"name": "const TaskInput = ({ onAdd }) => {", "scope": "TaskInput", "scopeKind": "class", "description": "unavailable"}, {"name": "value={value}", "scope": "value", "scopeKind": "class", "description": "unavailable"}], "revision_history": [{"39": "5a3166b437daec47aa49528993172dd981f996b4"}]}